<?xml version="1.0" encoding="US-ASCII" standalone="yes"?>
<objectListWrapper>
    <objects>
        <objectContainer>
            <project>
                <name>Using_ML_Assignment_5_v_1.0.0</name>
                <description></description>
                <author>pzharski</author>
                <runs>
                    <run>
                        <campaign>
                            <active>true</active>
                            <businessRules/>
                            <campaignMaps>
                                <campaignMap>
                                    <activateTracking>false</activateTracking>
                                    <businessRule>
                                        <content>#RuleContext.APPROVE_ALL_RULE</content>
                                        <name>Approve All</name>
                                        <ruleType>WORKFLOW_RULE</ruleType>
                                        <ruleTypeUI>Composite</ruleTypeUI>
                                        <uuid>91157c16-22c5-400d-ec3d-c370cac0de54</uuid>
                                        <workflowRuleMode>SIMPLE</workflowRuleMode>
                                    </businessRule>
                                    <campaign>
                                        <active>true</active>
                                        <businessRules/>
                                        <campaignMaps/>
                                        <campaigns/>
                                        <createNewTrainingSet>false</createNewTrainingSet>
                                        <executingType>MACHINE</executingType>
                                        <includeOriginalData>false</includeOriginalData>
                                        <inputType>INPUT_REQUIRED</inputType>
                                        <machineConfig>
                                            <answers/>
                                            <content>&lt;?xml version="1.0" encoding="UTF-8"?&gt;
&lt;config xmlns="http://web-harvest.sourceforge.net/schema/1.0/config" scriptlang="groovy"&gt;

    

    &lt;script&gt;&lt;![CDATA[
        import com.workfusion.odf2.core.Odf
        import com.workfusion.academy.task.MLInputTask
        import com.workfusion.odf2.service.ControlTowerServicesModule

        def odf = Odf.builder()
            .withInput(__taskInputMap.getWrappedObject())
            .withBinding(binding)
            .withModules(ControlTowerServicesModule)
            .build()

        result = odf.runTask(MLInputTask)

        rows = result.getRows()
        columns = result.getColumns()
    ]]&gt;&lt;/script&gt;

    &lt;case&gt;
        &lt;if condition="${result.isPresent()}"&gt;
            &lt;export include-original-data="false"&gt;
                &lt;multi-column list="${rows}" split-results="${rows.size() &gt; 1}"&gt;
                    &lt;loop item="columnName"&gt;
                        &lt;list&gt;
                            &lt;script return="columns"/&gt;
                        &lt;/list&gt;
                        &lt;body&gt;
                            &lt;put-to-column-getter name="${columnName}" property="${columnName}"/&gt;
                        &lt;/body&gt;
                    &lt;/loop&gt;
                &lt;/multi-column&gt;
            &lt;/export&gt;
        &lt;/if&gt;
    &lt;/case&gt;
&lt;/config&gt;</content>
                                            <gavc>com.workfusion.academy:using-ml-assignments-bcb:1.0.0:main:m-l-input</gavc>
                                            <includedConfigs/>
                                            <inclusionCode>com.workfusion.academy:using-ml-assignments-bcb:1.0.0:main:m-l-input</inclusionCode>
                                            <machineWorkSetting>
                                                <category>
                                                    <automation>false</automation>
                                                    <description></description>
                                                    <enabled>true</enabled>
                                                    <executingType>MACHINE</executingType>
                                                    <name>Other</name>
                                                    <private>false</private>
                                                    <publicId>dd92f240-144b-4fef-8476-4ec0acbc1105</publicId>
                                                </category>
                                                <contentType>BLANK</contentType>
                                                <description></description>
                                                <enabled>true</enabled>
                                                <name>Miscellaneous Tasks</name>
                                                <publicId>26e6e095-00bb-43fa-8c34-af0b18e71ac9</publicId>
                                                <version>
                                                    <lastModified>2017-10-30T14:21:58Z</lastModified>
                                                    <componentUuid>26e6e095-00bb-43fa-8c34-af0b18e71ac9</componentUuid>
                                                    <incrementalVersion>1.0</incrementalVersion>
                                                    <lastInChain>true</lastInChain>
                                                    <versionUuid>f142f102-be45-4dd3-89b9-1308d2f3ca4a</versionUuid>
                                                </version>
                                                <answers/>
                                                <machineWorkSettingType>BASIC</machineWorkSettingType>
                                                <template>
                                                    <content>&lt;?xml version="1.0" encoding="UTF-8"?&gt;
&lt;config charset="UTF-8"&gt;
	&lt;export include-original-data="true"&gt;
	&lt;/export&gt;
&lt;/config&gt;</content>
                                                    <name>Blank</name>
                                                    <origination>CREATED_MANUALLY</origination>
                                                    <status>ACTIVE</status>
                                                    <type>BASE_MACHINE</type>
                                                    <uuid>8f04bd99-7f51-4796-a528-d1a7c9ccfbc4</uuid>
                                                    <version>
                                                        <lastModified>2017-10-30T10:01:07Z</lastModified>
                                                        <componentUuid>8f04bd99-7f51-4796-a528-d1a7c9ccfbc4</componentUuid>
                                                        <incrementalVersion>1.0</incrementalVersion>
                                                        <lastInChain>false</lastInChain>
                                                        <versionUuid>4f58ef4f-a40a-4053-959f-55dbc72baf0b</versionUuid>
                                                    </version>
                                                </template>
                                            </machineWorkSetting>
                                            <machineWorkSettingType>BASIC</machineWorkSettingType>
                                            <name>using-ml-assignments-bcb v1.0.0 (m-l-input)</name>
                                            <machineConfigOptions/>
                                            <sourceType>BUNDLE</sourceType>
                                            <template>
                                                <content>&lt;?xml version="1.0" encoding="UTF-8"?&gt;
&lt;config charset="UTF-8"&gt;
	&lt;export include-original-data="true"&gt;
	&lt;/export&gt;
&lt;/config&gt;</content>
                                                <name>Blank</name>
                                                <origination>CREATED_MANUALLY</origination>
                                                <status>ACTIVE</status>
                                                <type>BASE_MACHINE</type>
                                                <uuid>8f04bd99-7f51-4796-a528-d1a7c9ccfbc4</uuid>
                                                <version>
                                                    <lastModified>2017-10-30T10:01:07Z</lastModified>
                                                    <componentUuid>8f04bd99-7f51-4796-a528-d1a7c9ccfbc4</componentUuid>
                                                    <incrementalVersion>1.0</incrementalVersion>
                                                    <lastInChain>false</lastInChain>
                                                    <versionUuid>4f58ef4f-a40a-4053-959f-55dbc72baf0b</versionUuid>
                                                </version>
                                            </template>
                                            <uuid>bd15e400-470e-4ca0-b451-c393420527a6</uuid>
                                            <version>
                                                <lastModified>2022-09-12T07:13:17.353Z</lastModified>
                                                <componentUuid>6d7faddd-dd75-494c-a2a6-0007b389ec23</componentUuid>
                                                <incrementalVersion>1.0</incrementalVersion>
                                                <lastInChain>true</lastInChain>
                                                <versionUuid>29429746-754d-4ba9-a2ee-bd661cf7ecd1</versionUuid>
                                            </version>
                                        </machineConfig>
                                        <origination>CREATED_AUTOMATICALLY</origination>
                                        <status>ACTIVE</status>
                                        <streamComplexRunThreshold>1</streamComplexRunThreshold>
                                        <streamTimeInterval>Immediately</streamTimeInterval>
                                        <streamTimeIntervalValue>0</streamTimeIntervalValue>
                                        <streamValueType>Tasks</streamValueType>
                                        <title>using-ml-assignments-bcb v1.0.0 (m-l-input)</title>
                                        <type>SINGLE</type>
                                        <uuid>c60656a2-1c90-4d77-8622-c7e7c26a92fc</uuid>
                                        <validWorkflow>false</validWorkflow>
                                        <version>
                                            <lastModified>2022-09-12T07:14:59.320Z</lastModified>
                                            <componentUuid>75aedcca-2e10-45d8-9d0d-f3b6978d5057</componentUuid>
                                            <incrementalVersion>1.0</incrementalVersion>
                                            <lastInChain>true</lastInChain>
                                            <versionUuid>515bb4a7-d2f9-4feb-ae2f-61800326e112</versionUuid>
                                        </version>
                                        <workSettingBase>false</workSettingBase>
                                    </campaign>
                                    <deleted>false</deleted>
                                    <lastModifiedAudit>
                                        <lastModified>2022-09-12T07:18:43.667Z</lastModified>
                                    </lastModifiedAudit>
                                    <skipForSTPCalculation>false</skipForSTPCalculation>
                                    <stepIndex>1</stepIndex>
                                    <stepPosition>START</stepPosition>
                                    <streamed>false</streamed>
                                    <uuid>4b14d3cd-2d86-457a-a781-af8b5dcc71e5</uuid>
                                </campaignMap>
                                <campaignMap>
                                    <activateTracking>false</activateTracking>
                                    <businessRule>
                                        <content>#RuleContext.APPROVE_ALL_RULE</content>
                                        <name>Approve All</name>
                                        <ruleType>WORKFLOW_RULE</ruleType>
                                        <ruleTypeUI>Composite</ruleTypeUI>
                                        <uuid>d99fe6ec-5662-4d3d-abc1-7387df369da4</uuid>
                                        <workflowRuleMode>SIMPLE</workflowRuleMode>
                                    </businessRule>
                                    <campaign>
                                        <active>true</active>
                                        <businessRules/>
                                        <campaignMaps/>
                                        <campaigns/>
                                        <createNewTrainingSet>false</createNewTrainingSet>
                                        <executingType>MACHINE</executingType>
                                        <includeOriginalData>false</includeOriginalData>
                                        <inputType>INPUT_REQUIRED</inputType>
                                        <machineConfig>
                                            <answers/>
                                            <content>&lt;?xml version="1.0" encoding="UTF-8"?&gt;
&lt;config xmlns="http://web-harvest.sourceforge.net/schema/1.0/config" scriptlang="groovy"&gt;

    

    &lt;script&gt;&lt;![CDATA[
        import com.workfusion.odf2.core.Odf
        import com.workfusion.academy.task.MLOutputTask
        import com.workfusion.academy.module.RepositoryModule

        def odf = Odf.builder()
            .withInput(__taskInputMap.getWrappedObject())
            .withBinding(binding)
            .withModules(RepositoryModule)
            .build()

        result = odf.runTask(MLOutputTask)

        rows = result.getRows()
        columns = result.getColumns()
    ]]&gt;&lt;/script&gt;

    &lt;case&gt;
        &lt;if condition="${result.isPresent()}"&gt;
            &lt;export include-original-data="false"&gt;
                &lt;multi-column list="${rows}" split-results="${rows.size() &gt; 1}"&gt;
                    &lt;loop item="columnName"&gt;
                        &lt;list&gt;
                            &lt;script return="columns"/&gt;
                        &lt;/list&gt;
                        &lt;body&gt;
                            &lt;put-to-column-getter name="${columnName}" property="${columnName}"/&gt;
                        &lt;/body&gt;
                    &lt;/loop&gt;
                &lt;/multi-column&gt;
            &lt;/export&gt;
        &lt;/if&gt;
    &lt;/case&gt;
&lt;/config&gt;</content>
                                            <gavc>com.workfusion.academy:using-ml-assignments-bcb:1.0.0:main:m-l-output</gavc>
                                            <includedConfigs/>
                                            <inclusionCode>com.workfusion.academy:using-ml-assignments-bcb:1.0.0:main:m-l-output</inclusionCode>
                                            <machineWorkSetting>
                                                <category>
                                                    <automation>false</automation>
                                                    <description></description>
                                                    <enabled>true</enabled>
                                                    <executingType>MACHINE</executingType>
                                                    <name>Other</name>
                                                    <private>false</private>
                                                    <publicId>dd92f240-144b-4fef-8476-4ec0acbc1105</publicId>
                                                </category>
                                                <contentType>BLANK</contentType>
                                                <description></description>
                                                <enabled>true</enabled>
                                                <name>Miscellaneous Tasks</name>
                                                <publicId>26e6e095-00bb-43fa-8c34-af0b18e71ac9</publicId>
                                                <version>
                                                    <lastModified>2017-10-30T14:21:58Z</lastModified>
                                                    <componentUuid>26e6e095-00bb-43fa-8c34-af0b18e71ac9</componentUuid>
                                                    <incrementalVersion>1.0</incrementalVersion>
                                                    <lastInChain>true</lastInChain>
                                                    <versionUuid>f142f102-be45-4dd3-89b9-1308d2f3ca4a</versionUuid>
                                                </version>
                                                <answers/>
                                                <machineWorkSettingType>BASIC</machineWorkSettingType>
                                                <template>
                                                    <content>&lt;?xml version="1.0" encoding="UTF-8"?&gt;
&lt;config charset="UTF-8"&gt;
	&lt;export include-original-data="true"&gt;
	&lt;/export&gt;
&lt;/config&gt;</content>
                                                    <name>Blank</name>
                                                    <origination>CREATED_MANUALLY</origination>
                                                    <status>ACTIVE</status>
                                                    <type>BASE_MACHINE</type>
                                                    <uuid>8f04bd99-7f51-4796-a528-d1a7c9ccfbc4</uuid>
                                                    <version>
                                                        <lastModified>2017-10-30T10:01:07Z</lastModified>
                                                        <componentUuid>8f04bd99-7f51-4796-a528-d1a7c9ccfbc4</componentUuid>
                                                        <incrementalVersion>1.0</incrementalVersion>
                                                        <lastInChain>false</lastInChain>
                                                        <versionUuid>4f58ef4f-a40a-4053-959f-55dbc72baf0b</versionUuid>
                                                    </version>
                                                </template>
                                            </machineWorkSetting>
                                            <machineWorkSettingType>BASIC</machineWorkSettingType>
                                            <name>using-ml-assignments-bcb v1.0.0 (m-l-output)</name>
                                            <machineConfigOptions/>
                                            <sourceType>BUNDLE</sourceType>
                                            <template>
                                                <content>&lt;?xml version="1.0" encoding="UTF-8"?&gt;
&lt;config charset="UTF-8"&gt;
	&lt;export include-original-data="true"&gt;
	&lt;/export&gt;
&lt;/config&gt;</content>
                                                <name>Blank</name>
                                                <origination>CREATED_MANUALLY</origination>
                                                <status>ACTIVE</status>
                                                <type>BASE_MACHINE</type>
                                                <uuid>8f04bd99-7f51-4796-a528-d1a7c9ccfbc4</uuid>
                                                <version>
                                                    <lastModified>2017-10-30T10:01:07Z</lastModified>
                                                    <componentUuid>8f04bd99-7f51-4796-a528-d1a7c9ccfbc4</componentUuid>
                                                    <incrementalVersion>1.0</incrementalVersion>
                                                    <lastInChain>false</lastInChain>
                                                    <versionUuid>4f58ef4f-a40a-4053-959f-55dbc72baf0b</versionUuid>
                                                </version>
                                            </template>
                                            <uuid>0e7a0e9f-a8e3-43e8-8a6d-f0c1261de09a</uuid>
                                            <version>
                                                <lastModified>2022-09-12T07:13:17.297Z</lastModified>
                                                <componentUuid>613e4402-e3d4-4e11-99e2-839de961959b</componentUuid>
                                                <incrementalVersion>1.0</incrementalVersion>
                                                <lastInChain>true</lastInChain>
                                                <versionUuid>1c1db372-7144-4e25-9298-526eaaf8aa5e</versionUuid>
                                            </version>
                                        </machineConfig>
                                        <origination>CREATED_AUTOMATICALLY</origination>
                                        <status>ACTIVE</status>
                                        <streamComplexRunThreshold>1</streamComplexRunThreshold>
                                        <streamTimeInterval>Immediately</streamTimeInterval>
                                        <streamTimeIntervalValue>0</streamTimeIntervalValue>
                                        <streamValueType>Tasks</streamValueType>
                                        <title>using-ml-assignments-bcb v1.0.0 (m-l-output)</title>
                                        <type>SINGLE</type>
                                        <uuid>0b9ef83d-f438-468b-ae1d-cea3d7f9af48</uuid>
                                        <validWorkflow>false</validWorkflow>
                                        <version>
                                            <lastModified>2022-09-12T07:15:00.297Z</lastModified>
                                            <componentUuid>5bd5d54c-93ec-440f-863e-ec0ce9c7eb51</componentUuid>
                                            <incrementalVersion>1.0</incrementalVersion>
                                            <lastInChain>true</lastInChain>
                                            <versionUuid>52044a0d-dab2-4e0f-99eb-4011e53f00b3</versionUuid>
                                        </version>
                                        <workSettingBase>false</workSettingBase>
                                    </campaign>
                                    <deleted>false</deleted>
                                    <lastModifiedAudit>
                                        <lastModified>2022-09-12T07:18:43.667Z</lastModified>
                                    </lastModifiedAudit>
                                    <skipForSTPCalculation>false</skipForSTPCalculation>
                                    <stepIndex>2</stepIndex>
                                    <stepPosition>INTERMEDIATE</stepPosition>
                                    <streamed>false</streamed>
                                    <uuid>bd9c424d-0913-4f2d-954f-648c458240c6</uuid>
                                </campaignMap>
                                <campaignMap>
                                    <activateTracking>false</activateTracking>
                                    <businessRule>
                                        <content>#RuleContext.APPROVE_ALL_RULE</content>
                                        <name>Approve All</name>
                                        <ruleType>WORKFLOW_RULE</ruleType>
                                        <ruleTypeUI>Composite</ruleTypeUI>
                                        <uuid>8780854d-cb71-40a8-c2d9-b2da5e39ce6c</uuid>
                                        <workflowRuleMode>SIMPLE</workflowRuleMode>
                                    </businessRule>
                                    <campaign>
                                        <active>false</active>
                                        <businessRules/>
                                        <campaignMaps/>
                                        <campaigns/>
                                        <createNewTrainingSet>false</createNewTrainingSet>
                                        <executingType>MACHINE</executingType>
                                        <includeOriginalData>false</includeOriginalData>
                                        <inputType>INPUT_REQUIRED</inputType>
                                        <machineConfig>
                                            <answers>
                                                <answer>
                                                    <allowNA>false</allowNA>
                                                    <answer>AutoML-Model ID to process [Field code: 'model_id'].</answer>
                                                    <answerCode>model_id</answerCode>
                                                    <answerHtml>Can be filled as ETL or as input for step. Input has priority.</answerHtml>
                                                    <answerTypeObject>
                                                        <answerTypeGroup>UNCONSTRAINED_TEXT</answerTypeGroup>
                                                        <code>FREE_TEXT</code>
                                                        <description></description>
                                                        <optionsAvailable>false</optionsAvailable>
                                                        <showDefaultValue>true</showDefaultValue>
                                                        <showForFieldScheme>true</showForFieldScheme>
                                                        <showForHumanTask>true</showForHumanTask>
                                                        <showForMachineConfig>true</showForMachineConfig>
                                                        <title>Free Text</title>
                                                        <valueType>SINGLEVALUE</valueType>
                                                    </answerTypeObject>
                                                    <appendDataStoreOptions>false</appendDataStoreOptions>
                                                    <autocompleteField>false</autocompleteField>
                                                    <constantable>false</constantable>
                                                    <defaultValue></defaultValue>
                                                    <doNotNormalizeTaggedText>false</doNotNormalizeTaggedText>
                                                    <doNotUseInAdjudication>false</doNotUseInAdjudication>
                                                    <findMajorityForAllAtomicValues>false</findMajorityForAllAtomicValues>
                                                    <lastModified>2022-05-20T12:26:38.007Z</lastModified>
                                                    <letCustomValues>false</letCustomValues>
                                                    <manualField>false</manualField>
                                                    <multiValue>false</multiValue>
                                                    <percentRequired>false</percentRequired>
                                                    <range>false</range>
                                                    <required>false</required>
                                                    <sequenceNumber>1</sequenceNumber>
                                                    <shuffle>false</shuffle>
                                                    <useBlocks>false</useBlocks>
                                                    <useEmptyCell>false</useEmptyCell>
                                                    <useOriginalDocument>false</useOriginalDocument>
                                                </answer>
                                                <answer>
                                                    <allowNA>false</allowNA>
                                                    <answer>AutoML-Model parameters to tune model execute [Field code: 'model_parameters'].</answer>
                                                    <answerCode>model_parameters</answerCode>
                                                    <answerHtml>Can be filled as ETL or as Input for step. Input has priority. Not required.</answerHtml>
                                                    <answerTypeObject>
                                                        <answerTypeGroup>UNCONSTRAINED_TEXT</answerTypeGroup>
                                                        <code>FREE_TEXT</code>
                                                        <description></description>
                                                        <optionsAvailable>false</optionsAvailable>
                                                        <showDefaultValue>true</showDefaultValue>
                                                        <showForFieldScheme>true</showForFieldScheme>
                                                        <showForHumanTask>true</showForHumanTask>
                                                        <showForMachineConfig>true</showForMachineConfig>
                                                        <title>Free Text</title>
                                                        <valueType>SINGLEVALUE</valueType>
                                                    </answerTypeObject>
                                                    <appendDataStoreOptions>false</appendDataStoreOptions>
                                                    <autocompleteField>false</autocompleteField>
                                                    <constantable>false</constantable>
                                                    <defaultValue></defaultValue>
                                                    <doNotNormalizeTaggedText>false</doNotNormalizeTaggedText>
                                                    <doNotUseInAdjudication>false</doNotUseInAdjudication>
                                                    <findMajorityForAllAtomicValues>false</findMajorityForAllAtomicValues>
                                                    <lastModified>2022-05-20T12:26:38.007Z</lastModified>
                                                    <letCustomValues>false</letCustomValues>
                                                    <manualField>false</manualField>
                                                    <multiValue>false</multiValue>
                                                    <percentRequired>false</percentRequired>
                                                    <range>false</range>
                                                    <required>false</required>
                                                    <sequenceNumber>2</sequenceNumber>
                                                    <shuffle>false</shuffle>
                                                    <useBlocks>false</useBlocks>
                                                    <useEmptyCell>false</useEmptyCell>
                                                    <useOriginalDocument>false</useOriginalDocument>
                                                </answer>
                                                <answer>
                                                    <allowNA>false</allowNA>
                                                    <answer>Document for processing by model [Field code: 'document'].</answer>
                                                    <answerCode>document</answerCode>
                                                    <answerHtml>Filled only as input for step. Field code 'document'.</answerHtml>
                                                    <answerTypeObject>
                                                        <answerTypeGroup>UNCONSTRAINED_TEXT</answerTypeGroup>
                                                        <code>FREE_TEXT</code>
                                                        <description></description>
                                                        <optionsAvailable>false</optionsAvailable>
                                                        <showDefaultValue>true</showDefaultValue>
                                                        <showForFieldScheme>true</showForFieldScheme>
                                                        <showForHumanTask>true</showForHumanTask>
                                                        <showForMachineConfig>true</showForMachineConfig>
                                                        <title>Free Text</title>
                                                        <valueType>SINGLEVALUE</valueType>
                                                    </answerTypeObject>
                                                    <appendDataStoreOptions>false</appendDataStoreOptions>
                                                    <autocompleteField>false</autocompleteField>
                                                    <constantable>false</constantable>
                                                    <defaultValue></defaultValue>
                                                    <doNotNormalizeTaggedText>false</doNotNormalizeTaggedText>
                                                    <doNotUseInAdjudication>false</doNotUseInAdjudication>
                                                    <findMajorityForAllAtomicValues>false</findMajorityForAllAtomicValues>
                                                    <lastModified>2022-05-20T12:26:38.007Z</lastModified>
                                                    <letCustomValues>false</letCustomValues>
                                                    <manualField>false</manualField>
                                                    <multiValue>false</multiValue>
                                                    <percentRequired>false</percentRequired>
                                                    <range>false</range>
                                                    <required>false</required>
                                                    <sequenceNumber>3</sequenceNumber>
                                                    <shuffle>false</shuffle>
                                                    <useBlocks>false</useBlocks>
                                                    <useEmptyCell>false</useEmptyCell>
                                                    <useOriginalDocument>false</useOriginalDocument>
                                                </answer>
                                                <answer>
                                                    <allowNA>false</allowNA>
                                                    <answer>Go forward on failure [Field code: 'go_forward_on_failure'].</answer>
                                                    <answerCode>go_forward_on_failure</answerCode>
                                                    <answerHtml>Can be filled as ETL or as Input for step. Input has priority. If 'Yes' is selected, then if failure answer is received, the step is completed and an error message is sent to the next step.</answerHtml>
                                                    <answerTypeObject>
                                                        <answerTypeGroup>MULTIPLE_CHOICE</answerTypeGroup>
                                                        <code>CHECK_ONE</code>
                                                        <description></description>
                                                        <optionsAvailable>true</optionsAvailable>
                                                        <optionsDescription>Provide options for the answer using key=value format. For example, Option Name1=value1 or Option Name2=value2.</optionsDescription>
                                                        <showDefaultValue>true</showDefaultValue>
                                                        <showForFieldScheme>true</showForFieldScheme>
                                                        <showForHumanTask>true</showForHumanTask>
                                                        <showForMachineConfig>true</showForMachineConfig>
                                                        <title>Check One</title>
                                                        <valueType>SINGLEVALUE</valueType>
                                                    </answerTypeObject>
                                                    <appendDataStoreOptions>false</appendDataStoreOptions>
                                                    <autocompleteField>false</autocompleteField>
                                                    <constantable>false</constantable>
                                                    <defaultValue>true</defaultValue>
                                                    <doNotNormalizeTaggedText>false</doNotNormalizeTaggedText>
                                                    <doNotUseInAdjudication>false</doNotUseInAdjudication>
                                                    <findMajorityForAllAtomicValues>false</findMajorityForAllAtomicValues>
                                                    <lastModified>2022-05-20T12:26:38.007Z</lastModified>
                                                    <letCustomValues>false</letCustomValues>
                                                    <manualField>false</manualField>
                                                    <multiValue>false</multiValue>
                                                    <options>Yes=true|No=false</options>
                                                    <percentRequired>false</percentRequired>
                                                    <range>false</range>
                                                    <required>false</required>
                                                    <sequenceNumber>4</sequenceNumber>
                                                    <shuffle>false</shuffle>
                                                    <useBlocks>false</useBlocks>
                                                    <useEmptyCell>false</useEmptyCell>
                                                    <useOriginalDocument>false</useOriginalDocument>
                                                </answer>
                                            </answers>
                                            <content>&lt;?xml version="1.0" encoding="UTF-8"?&gt;
&lt;bridge-automl-model-execute version="1"&gt;
    &lt;model_id&gt;&lt;/model_id&gt;
    &lt;document&gt;&lt;/document&gt;
    &lt;go_forward_on_failure&gt;true&lt;/go_forward_on_failure&gt;
    &lt;model_parameters&gt;&lt;/model_parameters&gt;
&lt;/bridge-automl-model-execute&gt;
&lt;!--
DON'T CHANGE content for that step !!!

documentation:

This step is special step to process with automl model execution.

# step input:
## model_id - automl-model id to process. Required. Can be filled as ETL or by input for step. Input has priority.
## document - document for processing by model. Filled only as input for step.
## go_forward_on_failure - flag to mark what done if failed result is received.
    Can be filled as ETL or as Input for step. Input has priority.
    If 'Yes' is selected, then if failure answer is received, the step is completed and an error message is sent to the next step.
## model_parameters - model parameters to tune model execute. Format is map(string, string) as json.
    Can be filled as ETL or as Input for step. Input has priority. Not required.

# step output:
## _sys_automl_process_time - step's process time: create input + send task to process + process task by worker + get result by ct
## _sys_automl_correlation_id - correlation_id for tracing task
## model_result - raw model answer if task process is successful
## model_error - error information if task process is failed and step shouldn't failed on such task result
## all input data from previous step are added
--&gt;
</content>
                                            <includedConfigs/>
                                            <inclusionCode>17a688f4-71c7-4f42-a865-4ff9f03e1149</inclusionCode>
                                            <jsonParams>{"go_forward_on_failure":"true"}</jsonParams>
                                            <machineWorkSetting>
                                                <category>
                                                    <automation>false</automation>
                                                    <description></description>
                                                    <enabled>true</enabled>
                                                    <executingType>MACHINE</executingType>
                                                    <name>Other</name>
                                                    <private>false</private>
                                                    <publicId>dd92f240-144b-4fef-8476-4ec0acbc1105</publicId>
                                                </category>
                                                <contentType>NORMAL</contentType>
                                                <description>special step to call automl model execution by using bridge</description>
                                                <enabled>true</enabled>
                                                <name>Execute AutoML Model: Bridge</name>
                                                <publicId>ef1bf948-988c-4d88-b99f-d2b6b2477756</publicId>
                                                <version>
                                                    <lastModified>2022-09-09T13:14:11.670Z</lastModified>
                                                    <componentUuid>83c3c80d-3875-4879-8a38-2ae6c819a1dd</componentUuid>
                                                    <incrementalVersion>1.0</incrementalVersion>
                                                    <lastInChain>true</lastInChain>
                                                    <versionUuid>a6d2aef1-0f13-4fcd-bbb7-a8816279e4b3</versionUuid>
                                                </version>
                                                <answers>
                                                    <answer>
                                                        <allowNA>false</allowNA>
                                                        <answer>AutoML-Model ID to process [Field code: 'model_id'].</answer>
                                                        <answerCode>model_id</answerCode>
                                                        <answerHtml>Can be filled as ETL or as input for step. Input has priority.</answerHtml>
                                                        <answerTypeObject>
                                                            <answerTypeGroup>UNCONSTRAINED_TEXT</answerTypeGroup>
                                                            <code>FREE_TEXT</code>
                                                            <description></description>
                                                            <optionsAvailable>false</optionsAvailable>
                                                            <showDefaultValue>true</showDefaultValue>
                                                            <showForFieldScheme>true</showForFieldScheme>
                                                            <showForHumanTask>true</showForHumanTask>
                                                            <showForMachineConfig>true</showForMachineConfig>
                                                            <title>Free Text</title>
                                                            <valueType>SINGLEVALUE</valueType>
                                                        </answerTypeObject>
                                                        <appendDataStoreOptions>false</appendDataStoreOptions>
                                                        <autocompleteField>false</autocompleteField>
                                                        <constantable>false</constantable>
                                                        <defaultValue></defaultValue>
                                                        <doNotNormalizeTaggedText>false</doNotNormalizeTaggedText>
                                                        <doNotUseInAdjudication>false</doNotUseInAdjudication>
                                                        <findMajorityForAllAtomicValues>false</findMajorityForAllAtomicValues>
                                                        <lastModified>2022-01-21T12:29:04.453Z</lastModified>
                                                        <letCustomValues>false</letCustomValues>
                                                        <manualField>false</manualField>
                                                        <multiValue>false</multiValue>
                                                        <percentRequired>false</percentRequired>
                                                        <range>false</range>
                                                        <required>false</required>
                                                        <sequenceNumber>1</sequenceNumber>
                                                        <shuffle>false</shuffle>
                                                        <useBlocks>false</useBlocks>
                                                        <useEmptyCell>false</useEmptyCell>
                                                        <useOriginalDocument>false</useOriginalDocument>
                                                    </answer>
                                                    <answer>
                                                        <allowNA>false</allowNA>
                                                        <answer>AutoML-Model parameters to tune model execute [Field code: 'model_parameters'].</answer>
                                                        <answerCode>model_parameters</answerCode>
                                                        <answerHtml>Can be filled as ETL or as Input for step. Input has priority. Not required.</answerHtml>
                                                        <answerTypeObject>
                                                            <answerTypeGroup>UNCONSTRAINED_TEXT</answerTypeGroup>
                                                            <code>FREE_TEXT</code>
                                                            <description></description>
                                                            <optionsAvailable>false</optionsAvailable>
                                                            <showDefaultValue>true</showDefaultValue>
                                                            <showForFieldScheme>true</showForFieldScheme>
                                                            <showForHumanTask>true</showForHumanTask>
                                                            <showForMachineConfig>true</showForMachineConfig>
                                                            <title>Free Text</title>
                                                            <valueType>SINGLEVALUE</valueType>
                                                        </answerTypeObject>
                                                        <appendDataStoreOptions>false</appendDataStoreOptions>
                                                        <autocompleteField>false</autocompleteField>
                                                        <constantable>false</constantable>
                                                        <defaultValue></defaultValue>
                                                        <doNotNormalizeTaggedText>false</doNotNormalizeTaggedText>
                                                        <doNotUseInAdjudication>false</doNotUseInAdjudication>
                                                        <findMajorityForAllAtomicValues>false</findMajorityForAllAtomicValues>
                                                        <lastModified>2022-01-21T12:29:04.457Z</lastModified>
                                                        <letCustomValues>false</letCustomValues>
                                                        <manualField>false</manualField>
                                                        <multiValue>false</multiValue>
                                                        <percentRequired>false</percentRequired>
                                                        <range>false</range>
                                                        <required>false</required>
                                                        <sequenceNumber>2</sequenceNumber>
                                                        <shuffle>false</shuffle>
                                                        <useBlocks>false</useBlocks>
                                                        <useEmptyCell>false</useEmptyCell>
                                                        <useOriginalDocument>false</useOriginalDocument>
                                                    </answer>
                                                    <answer>
                                                        <allowNA>false</allowNA>
                                                        <answer>Document for processing by model [Field code: 'document'].</answer>
                                                        <answerCode>document</answerCode>
                                                        <answerHtml>Filled only as input for step. Field code 'document'.</answerHtml>
                                                        <answerTypeObject>
                                                            <answerTypeGroup>UNCONSTRAINED_TEXT</answerTypeGroup>
                                                            <code>FREE_TEXT</code>
                                                            <description></description>
                                                            <optionsAvailable>false</optionsAvailable>
                                                            <showDefaultValue>true</showDefaultValue>
                                                            <showForFieldScheme>true</showForFieldScheme>
                                                            <showForHumanTask>true</showForHumanTask>
                                                            <showForMachineConfig>true</showForMachineConfig>
                                                            <title>Free Text</title>
                                                            <valueType>SINGLEVALUE</valueType>
                                                        </answerTypeObject>
                                                        <appendDataStoreOptions>false</appendDataStoreOptions>
                                                        <autocompleteField>false</autocompleteField>
                                                        <constantable>false</constantable>
                                                        <defaultValue></defaultValue>
                                                        <doNotNormalizeTaggedText>false</doNotNormalizeTaggedText>
                                                        <doNotUseInAdjudication>false</doNotUseInAdjudication>
                                                        <findMajorityForAllAtomicValues>false</findMajorityForAllAtomicValues>
                                                        <lastModified>2022-01-21T12:29:04.440Z</lastModified>
                                                        <letCustomValues>false</letCustomValues>
                                                        <manualField>false</manualField>
                                                        <multiValue>false</multiValue>
                                                        <percentRequired>false</percentRequired>
                                                        <range>false</range>
                                                        <required>false</required>
                                                        <sequenceNumber>3</sequenceNumber>
                                                        <shuffle>false</shuffle>
                                                        <useBlocks>false</useBlocks>
                                                        <useEmptyCell>false</useEmptyCell>
                                                        <useOriginalDocument>false</useOriginalDocument>
                                                    </answer>
                                                    <answer>
                                                        <allowNA>false</allowNA>
                                                        <answer>Go forward on failure [Field code: 'go_forward_on_failure'].</answer>
                                                        <answerCode>go_forward_on_failure</answerCode>
                                                        <answerHtml>Can be filled as ETL or as Input for step. Input has priority. If 'Yes' is selected, then if failure answer is received, the step is completed and an error message is sent to the next step.</answerHtml>
                                                        <answerTypeObject>
                                                            <answerTypeGroup>MULTIPLE_CHOICE</answerTypeGroup>
                                                            <code>CHECK_ONE</code>
                                                            <description></description>
                                                            <optionsAvailable>true</optionsAvailable>
                                                            <optionsDescription>Provide options for the answer using key=value format. For example, Option Name1=value1 or Option Name2=value2.</optionsDescription>
                                                            <showDefaultValue>true</showDefaultValue>
                                                            <showForFieldScheme>true</showForFieldScheme>
                                                            <showForHumanTask>true</showForHumanTask>
                                                            <showForMachineConfig>true</showForMachineConfig>
                                                            <title>Check One</title>
                                                            <valueType>SINGLEVALUE</valueType>
                                                        </answerTypeObject>
                                                        <appendDataStoreOptions>false</appendDataStoreOptions>
                                                        <autocompleteField>false</autocompleteField>
                                                        <constantable>false</constantable>
                                                        <defaultValue>true</defaultValue>
                                                        <doNotNormalizeTaggedText>false</doNotNormalizeTaggedText>
                                                        <doNotUseInAdjudication>false</doNotUseInAdjudication>
                                                        <findMajorityForAllAtomicValues>false</findMajorityForAllAtomicValues>
                                                        <lastModified>2022-01-21T12:29:04.447Z</lastModified>
                                                        <letCustomValues>false</letCustomValues>
                                                        <manualField>false</manualField>
                                                        <multiValue>false</multiValue>
                                                        <options>Yes=true|No=false</options>
                                                        <percentRequired>false</percentRequired>
                                                        <range>false</range>
                                                        <required>false</required>
                                                        <sequenceNumber>4</sequenceNumber>
                                                        <shuffle>false</shuffle>
                                                        <useBlocks>false</useBlocks>
                                                        <useEmptyCell>false</useEmptyCell>
                                                        <useOriginalDocument>false</useOriginalDocument>
                                                    </answer>
                                                </answers>
                                                <machineWorkSettingType>ETL</machineWorkSettingType>
                                                <template>
                                                    <content>&lt;?xml version="1.0" encoding="UTF-8"?&gt;
&lt;bridge-automl-model-execute version="1"&gt;
    &lt;model_id&gt;{{model_id}}&lt;/model_id&gt;
    &lt;document&gt;{{document}}&lt;/document&gt;
    &lt;go_forward_on_failure&gt;{{go_forward_on_failure}}&lt;/go_forward_on_failure&gt;
    &lt;model_parameters&gt;{{model_parameters}}&lt;/model_parameters&gt;
&lt;/bridge-automl-model-execute&gt;
&lt;!--
DON'T CHANGE content for that step !!!

documentation:

This step is special step to process with automl model execution.

# step input:
## model_id - automl-model id to process. Required. Can be filled as ETL or by input for step. Input has priority.
## document - document for processing by model. Filled only as input for step.
## go_forward_on_failure - flag to mark what done if failed result is received.
    Can be filled as ETL or as Input for step. Input has priority.
    If 'Yes' is selected, then if failure answer is received, the step is completed and an error message is sent to the next step.
## model_parameters - model parameters to tune model execute. Format is map(string, string) as json.
    Can be filled as ETL or as Input for step. Input has priority. Not required.

# step output:
## _sys_automl_process_time - step's process time: create input + send task to process + process task by worker + get result by ct
## _sys_automl_correlation_id - correlation_id for tracing task
## model_result - raw model answer if task process is successful
## model_error - error information if task process is failed and step shouldn't failed on such task result
## all input data from previous step are added
--&gt;
</content>
                                                    <name>Execute AutoML Model: Bridge 10.2.3.0</name>
                                                    <origination>CREATED_MANUALLY</origination>
                                                    <status>ACTIVE</status>
                                                    <type>BASE_MACHINE</type>
                                                    <uuid>871d5ca8-722f-457e-89f7-e7d62eed42bb</uuid>
                                                    <version>
                                                        <lastModified>2022-09-09T13:14:11.670Z</lastModified>
                                                        <componentUuid>7eb62822-f68c-47e9-8d34-0d0e21bd9467</componentUuid>
                                                        <incrementalVersion>1.0</incrementalVersion>
                                                        <lastInChain>true</lastInChain>
                                                        <versionUuid>19a0c866-e3cc-4da2-9e43-43936993ff7c</versionUuid>
                                                    </version>
                                                </template>
                                            </machineWorkSetting>
                                            <machineWorkSettingType>ETL</machineWorkSettingType>
                                            <name>Execute AutoML Model: Bridge11</name>
                                            <machineConfigOptions/>
                                            <sourceType>MANUAL</sourceType>
                                            <template>
                                                <content>&lt;?xml version="1.0" encoding="UTF-8"?&gt;
&lt;bridge-automl-model-execute version="1"&gt;
    &lt;model_id&gt;{{model_id}}&lt;/model_id&gt;
    &lt;document&gt;{{document}}&lt;/document&gt;
    &lt;go_forward_on_failure&gt;{{go_forward_on_failure}}&lt;/go_forward_on_failure&gt;
    &lt;model_parameters&gt;{{model_parameters}}&lt;/model_parameters&gt;
&lt;/bridge-automl-model-execute&gt;
&lt;!--
DON'T CHANGE content for that step !!!

documentation:

This step is special step to process with automl model execution.

# step input:
## model_id - automl-model id to process. Required. Can be filled as ETL or by input for step. Input has priority.
## document - document for processing by model. Filled only as input for step.
## go_forward_on_failure - flag to mark what done if failed result is received.
    Can be filled as ETL or as Input for step. Input has priority.
    If 'Yes' is selected, then if failure answer is received, the step is completed and an error message is sent to the next step.
## model_parameters - model parameters to tune model execute. Format is map(string, string) as json.
    Can be filled as ETL or as Input for step. Input has priority. Not required.

# step output:
## _sys_automl_process_time - step's process time: create input + send task to process + process task by worker + get result by ct
## _sys_automl_correlation_id - correlation_id for tracing task
## model_result - raw model answer if task process is successful
## model_error - error information if task process is failed and step shouldn't failed on such task result
## all input data from previous step are added
--&gt;
</content>
                                                <name>Execute AutoML Model: Bridge 10.2.3.0</name>
                                                <origination>CREATED_MANUALLY</origination>
                                                <status>ACTIVE</status>
                                                <type>BASE_MACHINE</type>
                                                <uuid>6b8ccf67-b618-4dbf-892c-2991cf7bff18</uuid>
                                                <version>
                                                    <lastModified>2022-09-09T13:14:12.137Z</lastModified>
                                                    <componentUuid>609a73e2-88c2-46ed-b2b5-b33a9520f03d</componentUuid>
                                                    <incrementalVersion>1.0</incrementalVersion>
                                                    <lastInChain>true</lastInChain>
                                                    <versionUuid>18bd62e3-2853-4e14-9f29-667ace6883b1</versionUuid>
                                                </version>
                                            </template>
                                            <uuid>17a688f4-71c7-4f42-a865-4ff9f03e1149</uuid>
                                            <version>
                                                <lastModified>2022-09-09T13:14:12.183Z</lastModified>
                                                <componentUuid>2d998d45-34a0-412b-b041-4b107c6e8f8b</componentUuid>
                                                <incrementalVersion>1.0</incrementalVersion>
                                                <lastInChain>true</lastInChain>
                                                <versionUuid>802875b0-1e9c-4816-ba9d-9f2abe975391</versionUuid>
                                            </version>
                                        </machineConfig>
                                        <origination>CREATED_AUTOMATICALLY</origination>
                                        <status>ACTIVE</status>
                                        <streamComplexRunThreshold>1</streamComplexRunThreshold>
                                        <streamTimeInterval>Immediately</streamTimeInterval>
                                        <streamTimeIntervalValue>0</streamTimeIntervalValue>
                                        <streamValueType>Tasks</streamValueType>
                                        <title>Execute AutoML Model: Bridge11</title>
                                        <type>SINGLE</type>
                                        <uuid>3f66669b-9295-42b1-9133-125136eba6f6</uuid>
                                        <validWorkflow>false</validWorkflow>
                                        <version>
                                            <lastModified>2022-09-09T13:14:12.297Z</lastModified>
                                            <componentUuid>7ed795c4-8c94-412e-8407-d25e7757f904</componentUuid>
                                            <incrementalVersion>1.0</incrementalVersion>
                                            <lastInChain>true</lastInChain>
                                            <versionUuid>28c4b3c6-b9c8-4878-b0b4-6f94fcc7f831</versionUuid>
                                        </version>
                                        <workSettingBase>false</workSettingBase>
                                    </campaign>
                                    <deleted>false</deleted>
                                    <lastModifiedAudit>
                                        <lastModified>2022-09-12T07:18:43.667Z</lastModified>
                                    </lastModifiedAudit>
                                    <skipForSTPCalculation>false</skipForSTPCalculation>
                                    <stepIndex>3</stepIndex>
                                    <stepPosition>INTERMEDIATE</stepPosition>
                                    <streamed>false</streamed>
                                    <uuid>952ec6f1-372b-4cc2-e09b-78682f53c31e</uuid>
                                </campaignMap>
                                <campaignMap>
                                    <activateTracking>false</activateTracking>
                                    <businessRule>
                                        <content>package com.freedomoss.requester;

#list any import classes here.
import com.freedomoss.objective.model.CompositeRuleContext;
import com.freedomoss.objective.model.CompositeRuleDataItemContext;
import com.freedomoss.requester.model.AwsHitQuestionItem;
import com.freedomoss.requester.model.AwsHitQuestionAnswerItem;
import org.slf4j.Logger;
import java.util.Map;
import java.util.Iterator;
import java.util.List;
import java.util.Set;
import java.util.ArrayList;
import com.freedomoss.requester.dto.SubmissionResultDTO;

#declare any global variables here
global CompositeRuleContext source
global Logger log
global Map params



rule "Rule context initialization"
auto-focus true
no-loop
dialect "mvel"
agenda-group "initialization-group"
	when
		$ctx:CompositeRuleContext(initialized == false);
	then
		$ctx.updateWorkingMemory();
		# move to business rules
		$ctx.logExecutedRule(kcontext.getRule().getName());
		kcontext.getKnowledgeRuntime().getAgenda().getAgendaGroup("calculation").setFocus();
end</content>
                                        <name>Business Process: End Rule</name>
                                        <ruleType>WORKFLOW_RULE</ruleType>
                                        <uuid>50f4084a-4e7d-4e52-9a39-26bf87999a40</uuid>
                                        <workflowRuleMode>ADVANCED</workflowRuleMode>
                                    </businessRule>
                                    <campaign>
                                        <active>false</active>
                                        <businessRules/>
                                        <campaignMaps/>
                                        <campaigns/>
                                        <createNewTrainingSet>false</createNewTrainingSet>
                                        <executingType>MACHINE</executingType>
                                        <includeOriginalData>false</includeOriginalData>
                                        <inputType>INPUT_REQUIRED</inputType>
                                        <machineConfig>
                                            <answers/>
                                            <content>&lt;?xml version="1.0" encoding="UTF-8"?&gt;
&lt;config charset="UTF-8"&gt;

    &lt;var-def name="exportType"&gt;
        &lt;case&gt;
            &lt;if condition='${sys.isVariableDefined("_sys_export_type")}'&gt;
                &lt;template&gt;${_sys_export_type}&lt;/template&gt;
            &lt;/if&gt;
        &lt;/case&gt;
    &lt;/var-def&gt;

    &lt;var-def name="exportColumns"&gt;
        &lt;case&gt;
            &lt;if condition='${sys.isVariableDefined("_sys_export_columns")}'&gt;
                &lt;template&gt;${_sys_export_columns}&lt;/template&gt;
            &lt;/if&gt;
            &lt;else&gt;&lt;/else&gt;
        &lt;/case&gt;
    &lt;/var-def&gt;

    &lt;var-def name="columnNameCase"&gt;
        &lt;case&gt;
            &lt;if condition='${sys.isVariableDefined("_sys_column_name_case")}'&gt;
                &lt;template&gt;${_sys_column_name_case}&lt;/template&gt;
            &lt;/if&gt;
            &lt;else&gt;keep&lt;/else&gt;
        &lt;/case&gt;
    &lt;/var-def&gt;

    &lt;var-def name="dataOnly"&gt;
        &lt;case&gt;
            &lt;if condition='${sys.isVariableDefined("_sys_data_only")}'&gt;
                &lt;template&gt;${_sys_data_only}&lt;/template&gt;
            &lt;/if&gt;
            &lt;else&gt;true&lt;/else&gt;
        &lt;/case&gt;
    &lt;/var-def&gt;

    &lt;var-def name="datastoreName"&gt;
        &lt;script return="item.getWrappedObject().getRun().getDatastoreName()" /&gt;
    &lt;/var-def&gt;
    &lt;case&gt;
        &lt;if condition="${!datastoreName.isEmpty()}"&gt;
            &lt;insert-datastore   datastore-name="${datastoreName}" create="true"&gt;
                &lt;script return="hit_submission_data_item.getWrappedObject().getItemValueMap()"/&gt;
            &lt;/insert-datastore&gt;
        &lt;/if&gt;
    &lt;/case&gt;

    &lt;export include-original-data="true"
            export-type="${exportType}"
            export-columns="${exportColumns}"
            column-name-case="${columnNameCase}"
            &gt;
    &lt;/export&gt;
&lt;/config&gt;</content>
                                            <description>Default machine campaign for end step.</description>
                                            <includedConfigs/>
                                            <inclusionCode>9e5000e3-c243-42d3-b5ad-c6ac90dec35e</inclusionCode>
                                            <machineWorkSetting>
                                                <category>
                                                    <automation>false</automation>
                                                    <description></description>
                                                    <enabled>true</enabled>
                                                    <executingType>MACHINE</executingType>
                                                    <name>Other</name>
                                                    <private>false</private>
                                                    <publicId>dd92f240-144b-4fef-8476-4ec0acbc1105</publicId>
                                                </category>
                                                <contentType>BLANK</contentType>
                                                <description></description>
                                                <enabled>true</enabled>
                                                <name>Miscellaneous Tasks</name>
                                                <publicId>26e6e095-00bb-43fa-8c34-af0b18e71ac9</publicId>
                                                <version>
                                                    <lastModified>2017-10-30T14:21:58Z</lastModified>
                                                    <componentUuid>26e6e095-00bb-43fa-8c34-af0b18e71ac9</componentUuid>
                                                    <incrementalVersion>1.0</incrementalVersion>
                                                    <lastInChain>true</lastInChain>
                                                    <versionUuid>f142f102-be45-4dd3-89b9-1308d2f3ca4a</versionUuid>
                                                </version>
                                                <answers/>
                                                <machineWorkSettingType>BASIC</machineWorkSettingType>
                                                <template>
                                                    <content>&lt;?xml version="1.0" encoding="UTF-8"?&gt;
&lt;config charset="UTF-8"&gt;
	&lt;export include-original-data="true"&gt;
	&lt;/export&gt;
&lt;/config&gt;</content>
                                                    <name>Blank</name>
                                                    <origination>CREATED_MANUALLY</origination>
                                                    <status>ACTIVE</status>
                                                    <type>BASE_MACHINE</type>
                                                    <uuid>8f04bd99-7f51-4796-a528-d1a7c9ccfbc4</uuid>
                                                    <version>
                                                        <lastModified>2017-10-30T10:01:07Z</lastModified>
                                                        <componentUuid>8f04bd99-7f51-4796-a528-d1a7c9ccfbc4</componentUuid>
                                                        <incrementalVersion>1.0</incrementalVersion>
                                                        <lastInChain>false</lastInChain>
                                                        <versionUuid>4f58ef4f-a40a-4053-959f-55dbc72baf0b</versionUuid>
                                                    </version>
                                                </template>
                                            </machineWorkSetting>
                                            <name>Final Results</name>
                                            <machineConfigOptions/>
                                            <sourceType>MANUAL</sourceType>
                                            <template>
                                                <content>&lt;?xml version="1.0" encoding="UTF-8"?&gt;
&lt;config charset="UTF-8"&gt;
	&lt;export include-original-data="true"&gt;
	&lt;/export&gt;
&lt;/config&gt;</content>
                                                <name>Blank</name>
                                                <origination>CREATED_MANUALLY</origination>
                                                <status>ACTIVE</status>
                                                <type>BASE_MACHINE</type>
                                                <uuid>8f04bd99-7f51-4796-a528-d1a7c9ccfbc4</uuid>
                                                <version>
                                                    <lastModified>2017-10-30T10:01:07Z</lastModified>
                                                    <componentUuid>8f04bd99-7f51-4796-a528-d1a7c9ccfbc4</componentUuid>
                                                    <incrementalVersion>1.0</incrementalVersion>
                                                    <lastInChain>false</lastInChain>
                                                    <versionUuid>4f58ef4f-a40a-4053-959f-55dbc72baf0b</versionUuid>
                                                </version>
                                            </template>
                                            <uuid>9e5000e3-c243-42d3-b5ad-c6ac90dec35e</uuid>
                                            <version>
                                                <lastModified>2022-09-09T03:07:38.620Z</lastModified>
                                                <componentUuid>9e5000e3-c243-42d3-b5ad-c6ac90dec35e</componentUuid>
                                                <incrementalVersion>1.0</incrementalVersion>
                                                <lastInChain>true</lastInChain>
                                                <versionUuid>4a3d7abf-952f-454e-8b07-bd78d95ea5d5</versionUuid>
                                            </version>
                                        </machineConfig>
                                        <origination>CREATED_AUTOMATICALLY</origination>
                                        <status>ACTIVE</status>
                                        <streamComplexRunThreshold>100</streamComplexRunThreshold>
                                        <streamTimeInterval>Immediately</streamTimeInterval>
                                        <streamTimeIntervalValue>0</streamTimeIntervalValue>
                                        <streamValueType>Percents</streamValueType>
                                        <title>Final Results</title>
                                        <type>SINGLE</type>
                                        <uuid>af4c8905-26dd-4120-b208-39ad3530ffc6</uuid>
                                        <validWorkflow>false</validWorkflow>
                                        <version>
                                            <lastModified>2022-09-09T03:07:38.620Z</lastModified>
                                            <componentUuid>9f6a0dc2-8693-11e7-be4e-06d2c080f20b</componentUuid>
                                            <incrementalVersion>1.0</incrementalVersion>
                                            <lastInChain>false</lastInChain>
                                            <versionUuid>975dbdfa-949c-4f1f-ba9f-29a0ee3d0dbc</versionUuid>
                                        </version>
                                        <workSettingBase>false</workSettingBase>
                                    </campaign>
                                    <deleted>false</deleted>
                                    <lastModifiedAudit>
                                        <lastModified>2022-09-12T07:18:43.667Z</lastModified>
                                    </lastModifiedAudit>
                                    <skipForSTPCalculation>false</skipForSTPCalculation>
                                    <stepIndex>4</stepIndex>
                                    <stepPosition>END</stepPosition>
                                    <streamed>false</streamed>
                                    <uuid>52947d63-8f19-4280-9f1f-df0f1cd39f43</uuid>
                                </campaignMap>
                            </campaignMaps>
                            <campaigns/>
                            <compositeStructureXml>&lt;mxGraphModel&gt;
  &lt;root&gt;
    &lt;mxCell id="0"/&gt;
    &lt;mxCell id="1" parent="0"/&gt;
    &lt;Start id="2" name="Start" type="start"&gt;
      &lt;mxCell parent="1" style="start" vertex="1"&gt;
        &lt;mxGeometry as="geometry" height="32.0" width="32.0" x="20.0" y="150.0"/&gt;
      &lt;/mxCell&gt;
    &lt;/Start&gt;
    &lt;MachineTask campaignMapUUID="4b14d3cd-2d86-457a-a781-af8b5dcc71e5" id="3" name="using-ml-assignments-bcb v1.0.0 (m-l-input)" taskUUID="c60656a2-1c90-4d77-8622-c7e7c26a92fc" type="machine_task"&gt;
      &lt;mxCell parent="1" style="machine_task" vertex="1"&gt;
        &lt;mxGeometry as="geometry" height="60.0" width="160.0" x="89.80001831054688" y="135.79998779296875"/&gt;
      &lt;/mxCell&gt;
    &lt;/MachineTask&gt;
    &lt;Link id="4" name="" type="link"&gt;
      &lt;mxCell edge="1" parent="1" source="2" style="link" target="3"&gt;
        &lt;mxGeometry as="geometry" relative="1" x="0.5" y="10.0"/&gt;
      &lt;/mxCell&gt;
    &lt;/Link&gt;
    &lt;MachineTask campaignMapUUID="bd9c424d-0913-4f2d-954f-648c458240c6" id="5" name="using-ml-assignments-bcb v1.0.0 (m-l-output)" taskUUID="0b9ef83d-f438-468b-ae1d-cea3d7f9af48" type="machine_task"&gt;
      &lt;mxCell parent="1" style="machine_task" vertex="1"&gt;
        &lt;mxGeometry as="geometry" height="60.0" width="160.0" x="470.0" y="136.20001220703125"/&gt;
      &lt;/mxCell&gt;
    &lt;/MachineTask&gt;
    &lt;End campaignMapUUID="52947d63-8f19-4280-9f1f-df0f1cd39f43" id="6" name="Final Results" type="end"&gt;
      &lt;mxCell parent="1" style="end" vertex="1"&gt;
        &lt;mxGeometry as="geometry" height="32.0" width="32.0" x="680.0" y="150.0"/&gt;
      &lt;/mxCell&gt;
    &lt;/End&gt;
    &lt;Link id="7" name="" outcome="ApproveAll" outcomeId="ApproveAll" ruleUUID="d99fe6ec-5662-4d3d-abc1-7387df369da4" type="link"&gt;
      &lt;mxCell edge="1" parent="1" source="5" style="link" target="6"&gt;
        &lt;mxGeometry as="geometry" relative="1" x="0.5" y="10.0"/&gt;
      &lt;/mxCell&gt;
    &lt;/Link&gt;
    &lt;Link id="8" name="" outcome="ApproveAll" outcomeId="ApproveAll" ruleUUID="91157c16-22c5-400d-ec3d-c370cac0de54" type="link"&gt;
      &lt;mxCell edge="1" parent="1" source="3" style="link" target="9"&gt;
        &lt;mxGeometry as="geometry" relative="1" x="0.5" y="10.0"&gt;
          &lt;Array as="points"/&gt;
        &lt;/mxGeometry&gt;
      &lt;/mxCell&gt;
    &lt;/Link&gt;
    &lt;MachineTask campaignMapUUID="952ec6f1-372b-4cc2-e09b-78682f53c31e" id="9" name="Execute AutoML Model: Bridge11" taskUUID="3f66669b-9295-42b1-9133-125136eba6f6" type="machine_task"&gt;
      &lt;mxCell parent="1" style="machine_task" vertex="1"&gt;
        &lt;mxGeometry as="geometry" height="60.0" width="160.0" x="280.4000244140625" y="136.19998168945312"/&gt;
      &lt;/mxCell&gt;
    &lt;/MachineTask&gt;
    &lt;Link id="10" name="" outcome="ApproveAll" outcomeId="ApproveAll" ruleUUID="8780854d-cb71-40a8-c2d9-b2da5e39ce6c" type="link"&gt;
      &lt;mxCell edge="1" parent="1" source="9" style="link" target="5"&gt;
        &lt;mxGeometry as="geometry" relative="1" x="0.5" y="10.0"/&gt;
      &lt;/mxCell&gt;
    &lt;/Link&gt;
  &lt;/root&gt;
&lt;/mxGraphModel&gt;</compositeStructureXml>
                            <createNewTrainingSet>false</createNewTrainingSet>
                            <description>Business Process description</description>
                            <executingType>COMPOSITE</executingType>
                            <includeOriginalData>false</includeOriginalData>
                            <inputType>INPUT_REQUIRED</inputType>
                            <origination>CREATED_AUTOMATICALLY</origination>
                            <status>ACTIVE</status>
                            <streamComplexRunThreshold>1</streamComplexRunThreshold>
                            <streamTimeInterval>Immediately</streamTimeInterval>
                            <streamTimeIntervalValue>0</streamTimeIntervalValue>
                            <streamValueType>Tasks</streamValueType>
                            <title>Using_ML_Assignment_5_v_1.0.0</title>
                            <type>COMPOSITE</type>
                            <uuid>ea8ca0c2-70ea-4344-8cbb-73d88a3e1076</uuid>
                            <validWorkflow>true</validWorkflow>
                            <version>
                                <lastModified>2022-09-12T07:18:43.667Z</lastModified>
                                <componentUuid>fef819d4-52c5-4270-9cf0-69f59bf4beca</componentUuid>
                                <incrementalVersion>1.20</incrementalVersion>
                                <lastInChain>true</lastInChain>
                                <versionUuid>d8d419e9-9c8c-4038-9032-fd0ab9a7eb84</versionUuid>
                            </version>
                            <workSettingBase>false</workSettingBase>
                        </campaign>
                        <description>
                            <automationType>NONE</automationType>
                            <goldRun>false</goldRun>
                            <qualificationTraining>false</qualificationTraining>
                            <snapshotType>CSV</snapshotType>
                            <stepDescription>{}</stepDescription>
                            <streamingValue>1</streamingValue>
                            <streamingValueType>Tasks</streamingValueType>
                            <taskParams>{"values":{"NAME":"using-ml-assignments-bcb v1.0.0 (m-l-input)"}}</taskParams>
                            <uploadResultsType>CREATE</uploadResultsType>
                        </description>
                        <executingType>MACHINE</executingType>
                        <forceComplete>false</forceComplete>
                        <forceCompleteIdleTime>0</forceCompleteIdleTime>
                        <forceCompletePercent>100</forceCompletePercent>
                        <lastModified>2022-09-12T07:20:46.357Z</lastModified>
                        <mainRows>100</mainRows>
                        <purged>false</purged>
                        <recordProcessingStatus>COMPLETED</recordProcessingStatus>
                        <recursiveCount>1</recursiveCount>
                        <rootRunUUID>7cf19d88-d7ec-4628-8d2f-fd2b61acdd36</rootRunUUID>
                        <runType>SIMPLE</runType>
                        <tags></tags>
                        <title>using-ml-assignments-bcb v1.0.0 (m-l-input)</title>
                        <uuid>7cf19d88-d7ec-4628-8d2f-fd2b61acdd36</uuid>
                    </run>
                </runs>
                <automationUseCases/>
                <automationInfo/>
            </project>
            <hashCode>1627481757</hashCode>
        </objectContainer>
    </objects>
</objectListWrapper>
