<?xml version="1.0" encoding="US-ASCII" standalone="yes"?>
<objectListWrapper>
    <objects>
        <objectContainer>
            <project>
                <name>Using_ML_Final_Assignment_v_1.0.0</name>
                <description></description>
                <author>pzharski</author>
                <runs>
                    <run>
                        <campaign>
                            <active>true</active>
                            <businessRules/>
                            <campaignMaps>
                                <campaignMap>
                                    <activateTracking>false</activateTracking>
                                    <businessRule>
                                        <content>#RuleContext.APPROVE_ALL_RULE</content>
                                        <name>Approve All</name>
                                        <ruleType>WORKFLOW_RULE</ruleType>
                                        <ruleTypeUI>Composite</ruleTypeUI>
                                        <uuid>a2cce436-d036-4a29-8489-a108e6f1b44f</uuid>
                                        <workflowRuleMode>SIMPLE</workflowRuleMode>
                                    </businessRule>
                                    <campaign>
                                        <active>true</active>
                                        <businessRules/>
                                        <campaignMaps/>
                                        <campaigns/>
                                        <createNewTrainingSet>false</createNewTrainingSet>
                                        <executingType>MACHINE</executingType>
                                        <includeOriginalData>false</includeOriginalData>
                                        <inputType>INPUT_REQUIRED</inputType>
                                        <machineConfig>
                                            <answers/>
                                            <content>&lt;?xml version="1.0" encoding="UTF-8"?&gt;
&lt;config xmlns="http://web-harvest.sourceforge.net/schema/1.0/config" scriptlang="groovy"&gt;

    

    &lt;script&gt;&lt;![CDATA[
        import com.workfusion.odf2.core.Odf
        import com.workfusion.academy.task.CalculateMLStatisticsTask
        import com.workfusion.odf2.service.ControlTowerServicesModule
        import com.workfusion.academy.module.RepositoryModule

        def odf = Odf.builder()
            .withInput(__taskInputMap.getWrappedObject())
            .withBinding(binding)
            .withModules(ControlTowerServicesModule, RepositoryModule)
            .build()

        result = odf.runTask(CalculateMLStatisticsTask)

        rows = result.getRows()
        columns = result.getColumns()
    ]]&gt;&lt;/script&gt;

    &lt;case&gt;
        &lt;if condition="${result.isPresent()}"&gt;
            &lt;export include-original-data="false"&gt;
                &lt;multi-column list="${rows}" split-results="${rows.size() &gt; 1}"&gt;
                    &lt;loop item="columnName"&gt;
                        &lt;list&gt;
                            &lt;script return="columns"/&gt;
                        &lt;/list&gt;
                        &lt;body&gt;
                            &lt;put-to-column-getter name="${columnName}" property="${columnName}"/&gt;
                        &lt;/body&gt;
                    &lt;/loop&gt;
                &lt;/multi-column&gt;
            &lt;/export&gt;
        &lt;/if&gt;
    &lt;/case&gt;
&lt;/config&gt;</content>
                                            <gavc>com.workfusion.academy:using-ml-assignments-bcb:1.0.0:main:calculate-m-l-statistics</gavc>
                                            <includedConfigs/>
                                            <inclusionCode>com.workfusion.academy:using-ml-assignments-bcb:1.0.0:main:calculate-m-l-statistics</inclusionCode>
                                            <machineWorkSetting>
                                                <category>
                                                    <automation>false</automation>
                                                    <description></description>
                                                    <enabled>true</enabled>
                                                    <executingType>MACHINE</executingType>
                                                    <name>Other</name>
                                                    <private>false</private>
                                                    <publicId>dd92f240-144b-4fef-8476-4ec0acbc1105</publicId>
                                                </category>
                                                <contentType>BLANK</contentType>
                                                <description></description>
                                                <enabled>true</enabled>
                                                <name>Miscellaneous Tasks</name>
                                                <publicId>26e6e095-00bb-43fa-8c34-af0b18e71ac9</publicId>
                                                <version>
                                                    <lastModified>2017-10-30T14:21:58Z</lastModified>
                                                    <componentUuid>26e6e095-00bb-43fa-8c34-af0b18e71ac9</componentUuid>
                                                    <incrementalVersion>1.0</incrementalVersion>
                                                    <lastInChain>true</lastInChain>
                                                    <versionUuid>f142f102-be45-4dd3-89b9-1308d2f3ca4a</versionUuid>
                                                </version>
                                                <answers/>
                                                <machineWorkSettingType>BASIC</machineWorkSettingType>
                                                <template>
                                                    <content>&lt;?xml version="1.0" encoding="UTF-8"?&gt;
&lt;config charset="UTF-8"&gt;
	&lt;export include-original-data="true"&gt;
	&lt;/export&gt;
&lt;/config&gt;</content>
                                                    <name>Blank</name>
                                                    <origination>CREATED_MANUALLY</origination>
                                                    <status>ACTIVE</status>
                                                    <type>BASE_MACHINE</type>
                                                    <uuid>8f04bd99-7f51-4796-a528-d1a7c9ccfbc4</uuid>
                                                    <version>
                                                        <lastModified>2017-10-30T10:01:07Z</lastModified>
                                                        <componentUuid>8f04bd99-7f51-4796-a528-d1a7c9ccfbc4</componentUuid>
                                                        <incrementalVersion>1.0</incrementalVersion>
                                                        <lastInChain>false</lastInChain>
                                                        <versionUuid>4f58ef4f-a40a-4053-959f-55dbc72baf0b</versionUuid>
                                                    </version>
                                                </template>
                                            </machineWorkSetting>
                                            <machineWorkSettingType>BASIC</machineWorkSettingType>
                                            <name>using-ml-assignments-bcb v1.0.0 (calculate-m-l-statistics)</name>
                                            <machineConfigOptions/>
                                            <sourceType>BUNDLE</sourceType>
                                            <template>
                                                <content>&lt;?xml version="1.0" encoding="UTF-8"?&gt;
&lt;config charset="UTF-8"&gt;
	&lt;export include-original-data="true"&gt;
	&lt;/export&gt;
&lt;/config&gt;</content>
                                                <name>Blank</name>
                                                <origination>CREATED_MANUALLY</origination>
                                                <status>ACTIVE</status>
                                                <type>BASE_MACHINE</type>
                                                <uuid>8f04bd99-7f51-4796-a528-d1a7c9ccfbc4</uuid>
                                                <version>
                                                    <lastModified>2017-10-30T10:01:07Z</lastModified>
                                                    <componentUuid>8f04bd99-7f51-4796-a528-d1a7c9ccfbc4</componentUuid>
                                                    <incrementalVersion>1.0</incrementalVersion>
                                                    <lastInChain>false</lastInChain>
                                                    <versionUuid>4f58ef4f-a40a-4053-959f-55dbc72baf0b</versionUuid>
                                                </version>
                                            </template>
                                            <uuid>b0f72626-f1fd-48b4-a3bc-d195544afa84</uuid>
                                            <version>
                                                <lastModified>2022-09-12T07:13:17.207Z</lastModified>
                                                <componentUuid>0233a001-9c82-45dd-96e5-b00b938a3534</componentUuid>
                                                <incrementalVersion>1.0</incrementalVersion>
                                                <lastInChain>true</lastInChain>
                                                <versionUuid>2ac2c3b0-4dc5-4fcf-91ed-c7d99cf03f5c</versionUuid>
                                            </version>
                                        </machineConfig>
                                        <origination>CREATED_AUTOMATICALLY</origination>
                                        <status>ACTIVE</status>
                                        <streamComplexRunThreshold>1</streamComplexRunThreshold>
                                        <streamTimeInterval>Immediately</streamTimeInterval>
                                        <streamTimeIntervalValue>0</streamTimeIntervalValue>
                                        <streamValueType>Tasks</streamValueType>
                                        <title>using-ml-assignments-bcb v1.0.0 (calculate-m-l-statistics)</title>
                                        <type>SINGLE</type>
                                        <uuid>de6dac2d-7843-4830-85cc-55e654800678</uuid>
                                        <validWorkflow>false</validWorkflow>
                                        <version>
                                            <lastModified>2022-09-12T07:15:02.590Z</lastModified>
                                            <componentUuid>c79cd5e5-d47b-48a2-97ec-f0c584e7a70d</componentUuid>
                                            <incrementalVersion>1.0</incrementalVersion>
                                            <lastInChain>true</lastInChain>
                                            <versionUuid>73c801ae-937e-4c03-ac95-d2c8d5335db0</versionUuid>
                                        </version>
                                        <workSettingBase>false</workSettingBase>
                                    </campaign>
                                    <deleted>false</deleted>
                                    <lastModifiedAudit>
                                        <lastModified>2022-09-12T07:21:47.093Z</lastModified>
                                    </lastModifiedAudit>
                                    <skipForSTPCalculation>false</skipForSTPCalculation>
                                    <stepIndex>1</stepIndex>
                                    <stepPosition>START</stepPosition>
                                    <streamed>false</streamed>
                                    <uuid>79805fd5-4c68-49ab-92d6-bf5f119065cb</uuid>
                                </campaignMap>
                                <campaignMap>
                                    <activateTracking>false</activateTracking>
                                    <businessRule>
                                        <content>package com.freedomoss.requester;

#list any import classes here.
import com.freedomoss.objective.model.CompositeRuleContext;
import com.freedomoss.objective.model.CompositeRuleDataItemContext;
import com.freedomoss.requester.model.AwsHitQuestionItem;
import com.freedomoss.requester.model.AwsHitQuestionAnswerItem;
import org.slf4j.Logger;
import java.util.Map;
import java.util.Iterator;
import java.util.List;
import java.util.Set;
import java.util.ArrayList;
import com.freedomoss.requester.dto.SubmissionResultDTO;

#declare any global variables here
global CompositeRuleContext source
global Logger log
global Map params



rule "Rule context initialization"
auto-focus true
no-loop
dialect "mvel"
agenda-group "initialization-group"
	when
		$ctx:CompositeRuleContext(initialized == false);
	then
		$ctx.updateWorkingMemory();
		# move to business rules
		$ctx.logExecutedRule(kcontext.getRule().getName());
		kcontext.getKnowledgeRuntime().getAgenda().getAgendaGroup("calculation").setFocus();
end</content>
                                        <name>Business Process: End Rule</name>
                                        <ruleType>WORKFLOW_RULE</ruleType>
                                        <uuid>48ea9243-8f5f-460e-8329-a6bb67120966</uuid>
                                        <workflowRuleMode>ADVANCED</workflowRuleMode>
                                    </businessRule>
                                    <campaign>
                                        <active>false</active>
                                        <businessRules/>
                                        <campaignMaps/>
                                        <campaigns/>
                                        <createNewTrainingSet>false</createNewTrainingSet>
                                        <executingType>MACHINE</executingType>
                                        <includeOriginalData>false</includeOriginalData>
                                        <inputType>INPUT_REQUIRED</inputType>
                                        <machineConfig>
                                            <answers/>
                                            <content>&lt;?xml version="1.0" encoding="UTF-8"?&gt;
&lt;config charset="UTF-8"&gt;

    &lt;var-def name="exportType"&gt;
        &lt;case&gt;
            &lt;if condition='${sys.isVariableDefined("_sys_export_type")}'&gt;
                &lt;template&gt;${_sys_export_type}&lt;/template&gt;
            &lt;/if&gt;
        &lt;/case&gt;
    &lt;/var-def&gt;

    &lt;var-def name="exportColumns"&gt;
        &lt;case&gt;
            &lt;if condition='${sys.isVariableDefined("_sys_export_columns")}'&gt;
                &lt;template&gt;${_sys_export_columns}&lt;/template&gt;
            &lt;/if&gt;
            &lt;else&gt;&lt;/else&gt;
        &lt;/case&gt;
    &lt;/var-def&gt;

    &lt;var-def name="columnNameCase"&gt;
        &lt;case&gt;
            &lt;if condition='${sys.isVariableDefined("_sys_column_name_case")}'&gt;
                &lt;template&gt;${_sys_column_name_case}&lt;/template&gt;
            &lt;/if&gt;
            &lt;else&gt;keep&lt;/else&gt;
        &lt;/case&gt;
    &lt;/var-def&gt;

    &lt;var-def name="dataOnly"&gt;
        &lt;case&gt;
            &lt;if condition='${sys.isVariableDefined("_sys_data_only")}'&gt;
                &lt;template&gt;${_sys_data_only}&lt;/template&gt;
            &lt;/if&gt;
            &lt;else&gt;true&lt;/else&gt;
        &lt;/case&gt;
    &lt;/var-def&gt;

    &lt;var-def name="datastoreName"&gt;
        &lt;script return="item.getWrappedObject().getRun().getDatastoreName()" /&gt;
    &lt;/var-def&gt;
    &lt;case&gt;
        &lt;if condition="${!datastoreName.isEmpty()}"&gt;
            &lt;insert-datastore   datastore-name="${datastoreName}" create="true"&gt;
                &lt;script return="hit_submission_data_item.getWrappedObject().getItemValueMap()"/&gt;
            &lt;/insert-datastore&gt;
        &lt;/if&gt;
    &lt;/case&gt;

    &lt;export include-original-data="true"
            export-type="${exportType}"
            export-columns="${exportColumns}"
            column-name-case="${columnNameCase}"
            &gt;
    &lt;/export&gt;
&lt;/config&gt;</content>
                                            <description>Default machine campaign for end step.</description>
                                            <includedConfigs/>
                                            <inclusionCode>9e5000e3-c243-42d3-b5ad-c6ac90dec35e</inclusionCode>
                                            <machineWorkSetting>
                                                <category>
                                                    <automation>false</automation>
                                                    <description></description>
                                                    <enabled>true</enabled>
                                                    <executingType>MACHINE</executingType>
                                                    <name>Other</name>
                                                    <private>false</private>
                                                    <publicId>dd92f240-144b-4fef-8476-4ec0acbc1105</publicId>
                                                </category>
                                                <contentType>BLANK</contentType>
                                                <description></description>
                                                <enabled>true</enabled>
                                                <name>Miscellaneous Tasks</name>
                                                <publicId>26e6e095-00bb-43fa-8c34-af0b18e71ac9</publicId>
                                                <version>
                                                    <lastModified>2017-10-30T14:21:58Z</lastModified>
                                                    <componentUuid>26e6e095-00bb-43fa-8c34-af0b18e71ac9</componentUuid>
                                                    <incrementalVersion>1.0</incrementalVersion>
                                                    <lastInChain>true</lastInChain>
                                                    <versionUuid>f142f102-be45-4dd3-89b9-1308d2f3ca4a</versionUuid>
                                                </version>
                                                <answers/>
                                                <machineWorkSettingType>BASIC</machineWorkSettingType>
                                                <template>
                                                    <content>&lt;?xml version="1.0" encoding="UTF-8"?&gt;
&lt;config charset="UTF-8"&gt;
	&lt;export include-original-data="true"&gt;
	&lt;/export&gt;
&lt;/config&gt;</content>
                                                    <name>Blank</name>
                                                    <origination>CREATED_MANUALLY</origination>
                                                    <status>ACTIVE</status>
                                                    <type>BASE_MACHINE</type>
                                                    <uuid>8f04bd99-7f51-4796-a528-d1a7c9ccfbc4</uuid>
                                                    <version>
                                                        <lastModified>2017-10-30T10:01:07Z</lastModified>
                                                        <componentUuid>8f04bd99-7f51-4796-a528-d1a7c9ccfbc4</componentUuid>
                                                        <incrementalVersion>1.0</incrementalVersion>
                                                        <lastInChain>false</lastInChain>
                                                        <versionUuid>4f58ef4f-a40a-4053-959f-55dbc72baf0b</versionUuid>
                                                    </version>
                                                </template>
                                            </machineWorkSetting>
                                            <name>Final Results</name>
                                            <machineConfigOptions/>
                                            <sourceType>MANUAL</sourceType>
                                            <template>
                                                <content>&lt;?xml version="1.0" encoding="UTF-8"?&gt;
&lt;config charset="UTF-8"&gt;
	&lt;export include-original-data="true"&gt;
	&lt;/export&gt;
&lt;/config&gt;</content>
                                                <name>Blank</name>
                                                <origination>CREATED_MANUALLY</origination>
                                                <status>ACTIVE</status>
                                                <type>BASE_MACHINE</type>
                                                <uuid>8f04bd99-7f51-4796-a528-d1a7c9ccfbc4</uuid>
                                                <version>
                                                    <lastModified>2017-10-30T10:01:07Z</lastModified>
                                                    <componentUuid>8f04bd99-7f51-4796-a528-d1a7c9ccfbc4</componentUuid>
                                                    <incrementalVersion>1.0</incrementalVersion>
                                                    <lastInChain>false</lastInChain>
                                                    <versionUuid>4f58ef4f-a40a-4053-959f-55dbc72baf0b</versionUuid>
                                                </version>
                                            </template>
                                            <uuid>9e5000e3-c243-42d3-b5ad-c6ac90dec35e</uuid>
                                            <version>
                                                <lastModified>2022-09-09T03:07:38.620Z</lastModified>
                                                <componentUuid>9e5000e3-c243-42d3-b5ad-c6ac90dec35e</componentUuid>
                                                <incrementalVersion>1.0</incrementalVersion>
                                                <lastInChain>true</lastInChain>
                                                <versionUuid>4a3d7abf-952f-454e-8b07-bd78d95ea5d5</versionUuid>
                                            </version>
                                        </machineConfig>
                                        <origination>CREATED_AUTOMATICALLY</origination>
                                        <status>ACTIVE</status>
                                        <streamComplexRunThreshold>100</streamComplexRunThreshold>
                                        <streamTimeInterval>Immediately</streamTimeInterval>
                                        <streamTimeIntervalValue>0</streamTimeIntervalValue>
                                        <streamValueType>Percents</streamValueType>
                                        <title>Final Results</title>
                                        <type>SINGLE</type>
                                        <uuid>af4c8905-26dd-4120-b208-39ad3530ffc6</uuid>
                                        <validWorkflow>false</validWorkflow>
                                        <version>
                                            <lastModified>2022-09-09T03:07:38.620Z</lastModified>
                                            <componentUuid>9f6a0dc2-8693-11e7-be4e-06d2c080f20b</componentUuid>
                                            <incrementalVersion>1.0</incrementalVersion>
                                            <lastInChain>false</lastInChain>
                                            <versionUuid>975dbdfa-949c-4f1f-ba9f-29a0ee3d0dbc</versionUuid>
                                        </version>
                                        <workSettingBase>false</workSettingBase>
                                    </campaign>
                                    <deleted>false</deleted>
                                    <lastModifiedAudit>
                                        <lastModified>2022-09-12T07:21:47.093Z</lastModified>
                                    </lastModifiedAudit>
                                    <skipForSTPCalculation>false</skipForSTPCalculation>
                                    <stepIndex>2</stepIndex>
                                    <stepPosition>END</stepPosition>
                                    <streamed>false</streamed>
                                    <uuid>8b0713b5-eb27-4bb8-b1a3-c7bdcf0a4b36</uuid>
                                </campaignMap>
                            </campaignMaps>
                            <campaigns/>
                            <compositeStructureXml>&lt;mxGraphModel&gt;
  &lt;root&gt;
    &lt;mxCell id="0"/&gt;
    &lt;mxCell id="1" parent="0"/&gt;
    &lt;Start id="2" name="Start" type="start"&gt;
      &lt;mxCell parent="1" style="start" vertex="1"&gt;
        &lt;mxGeometry as="geometry" height="32.0" width="32.0" x="90.0" y="238.0"/&gt;
      &lt;/mxCell&gt;
    &lt;/Start&gt;
    &lt;MachineTask campaignMapUUID="79805fd5-4c68-49ab-92d6-bf5f119065cb" id="3" name="using-ml-assignments-bcb v1.0.0 (calculate-m-l-statistics)" taskUUID="de6dac2d-7843-4830-85cc-55e654800678" type="machine_task"&gt;
      &lt;mxCell parent="1" style="machine_task" vertex="1"&gt;
        &lt;mxGeometry as="geometry" height="60.0" width="160.0" x="201.0" y="223.79998779296875"/&gt;
      &lt;/mxCell&gt;
    &lt;/MachineTask&gt;
    &lt;Link id="4" name="" type="link"&gt;
      &lt;mxCell edge="1" parent="1" source="2" style="link" target="3"&gt;
        &lt;mxGeometry as="geometry" relative="1" x="0.5" y="10.0"/&gt;
      &lt;/mxCell&gt;
    &lt;/Link&gt;
    &lt;End campaignMapUUID="8b0713b5-eb27-4bb8-b1a3-c7bdcf0a4b36" id="5" name="Final Results" type="end"&gt;
      &lt;mxCell parent="1" style="end" vertex="1"&gt;
        &lt;mxGeometry as="geometry" height="32.0" width="32.0" x="480.0" y="238.0"/&gt;
      &lt;/mxCell&gt;
    &lt;/End&gt;
    &lt;Link id="6" name="" outcome="ApproveAll" outcomeId="ApproveAll" ruleUUID="a2cce436-d036-4a29-8489-a108e6f1b44f" type="link"&gt;
      &lt;mxCell edge="1" parent="1" source="3" style="link" target="5"&gt;
        &lt;mxGeometry as="geometry" relative="1" x="0.5" y="10.0"/&gt;
      &lt;/mxCell&gt;
    &lt;/Link&gt;
  &lt;/root&gt;
&lt;/mxGraphModel&gt;</compositeStructureXml>
                            <createNewTrainingSet>false</createNewTrainingSet>
                            <description>Business Process description</description>
                            <executingType>COMPOSITE</executingType>
                            <includeOriginalData>false</includeOriginalData>
                            <inputType>NO_DATA</inputType>
                            <origination>CREATED_AUTOMATICALLY</origination>
                            <status>ACTIVE</status>
                            <streamComplexRunThreshold>1</streamComplexRunThreshold>
                            <streamTimeInterval>Immediately</streamTimeInterval>
                            <streamTimeIntervalValue>0</streamTimeIntervalValue>
                            <streamValueType>Tasks</streamValueType>
                            <title>Using_ML_Final_Assignment_v_1.0.0</title>
                            <type>COMPOSITE</type>
                            <uuid>9690930b-8089-4544-ab5e-afc68274bbe5</uuid>
                            <validWorkflow>true</validWorkflow>
                            <version>
                                <lastModified>2022-09-12T07:21:47.093Z</lastModified>
                                <componentUuid>114c6cf1-a40f-4c86-913c-37a949ddc1c0</componentUuid>
                                <incrementalVersion>1.8</incrementalVersion>
                                <lastInChain>true</lastInChain>
                                <versionUuid>448a42be-9979-4a95-b762-77439eede418</versionUuid>
                            </version>
                            <workSettingBase>false</workSettingBase>
                        </campaign>
                        <description>
                            <automationType>NONE</automationType>
                            <goldRun>false</goldRun>
                            <qualificationTraining>false</qualificationTraining>
                            <snapshotType>CSV</snapshotType>
                            <stepDescription>{}</stepDescription>
                            <streamingValue>1</streamingValue>
                            <streamingValueType>Tasks</streamingValueType>
                            <taskParams>{"values":{"NAME":"using-ml-assignments-bcb v1.0.0 (calculate-m-l-statistics)"}}</taskParams>
                            <uploadResultsType>CREATE</uploadResultsType>
                        </description>
                        <executingType>MACHINE</executingType>
                        <forceComplete>false</forceComplete>
                        <forceCompleteIdleTime>0</forceCompleteIdleTime>
                        <forceCompletePercent>100</forceCompletePercent>
                        <lastModified>2022-09-12T07:21:50.740Z</lastModified>
                        <mainRows>1</mainRows>
                        <purged>false</purged>
                        <recordProcessingStatus>COMPLETED</recordProcessingStatus>
                        <recursiveCount>1</recursiveCount>
                        <rootRunUUID>a020dc76-fa9d-43c8-97fa-26f18490bce2</rootRunUUID>
                        <runType>SIMPLE</runType>
                        <tags></tags>
                        <title>using-ml-assignments-bcb v1.0.0 (calculate-m-l-statistics)</title>
                        <uuid>a020dc76-fa9d-43c8-97fa-26f18490bce2</uuid>
                    </run>
                </runs>
                <automationUseCases/>
                <automationInfo/>
            </project>
            <hashCode>1114520602</hashCode>
        </objectContainer>
    </objects>
</objectListWrapper>
